nome_pessoa,foto
pessoa1,e678435693ff9f38211a5a17730a7a2f.png
pessoa2,510ed7561051a1e201073181011f98d68b102.png
pessoa3,047c8b6e08b3a85cd7163610e7b5c3d5f.png
pessoa4,39bbc17fa1146075975a72550c910b7c0.png
pessoa5,e488f44acf28a161d72f191034309d652.png
pessoa6,8eb52102b3c65e6812da3574003d107a106.png
pessoa7,27ff8a23f26472cba5355d448df6c07b.png
pessoa8,262c331f793f98b185e85204a1f99725.png
pessoa9,9710823ae10b3310875a95612f5f4f1045.png
pessoa10,9cbcf0b92d88553a28a4c55e6ff7c890.png
pessoa11,31c82bf9531c3b2a241aedc321cc81ed.png
pessoa12,2619cae85bbf3e78da1433f6a2a686f5.png
pessoa13,354ee601d1ce248d32380dea4dad683d.png
pessoa14,909d1b4cf1110f20e53fc0b10f26f2ba89.png
pessoa15,6592cdff9996266dc668c75f73bf3b10f.png
pessoa16,62fd8710c6c0aae4441034ba36c5743532.png
pessoa17,c8f91c835194e41bb18aa1bec02bdd8b.png
pessoa18,810e79198e710e56e24d48ea5a45fa89c.png
pessoa19,6fe7b258f1e06df8d85e46f04176a493.png
pessoa20,b0e217059d44eaabbd9a8d9a3f875147.png
